Comment,Description,Designator,Footprint,LCSC Part #,LibRef,Quantity

"400BXW100MEFR16X30","C - CAPACITOR - ELECTROLYTIC - 100uF - 400V","C1, C2, C3, C4, C5, C6, C7, C8, C9, C10, C11, C12, C13, C14, C15, C16, C17, C18, C19, C20, C21, C22, C23, C24, C25, C26, C27, C28, C29, C30, C31, C32, C33, C34, C35, C36, C37, C38, C39, C40, C41, C42, C43, C44, C45, C46, C47, C48, C49, C50","C_CAN_TH_7.5MM_LEADS","C441621","400BXW100MEFR16X30","50"
"LS-601","J - JACK - FUSEHOLDER - 6X30 - THT","J1, J2, J3, J4, J5, J6, J7, J8, J9, J10","LS-601","C182321","LS-601","10"
"1206W4F1003T5E","R - RESISTOR - SMD - 100k - 1% - 1206","R1, R2, R3, R4, R5, R6, R7, R8, R9, R10, R11, R12, R13, R14, R15, R16, R17, R18, R19, R20, R21, R22, R23, R24, R25, R26, R27, R28, R29, R30","R_1206","C17900","1206W4F1003T5E","30"
